<?xml version="1.0" encoding="UTF-8"?>
<definitions xmlns="http://www.omg.org/spec/BPMN/20100524/MODEL" xmlns:xsi="http://www.w3.org/2001/XMLSchema-instance" xmlns:xsd="http://www.w3.org/2001/XMLSchema" xmlns:activiti="http://activiti.org/bpmn" xmlns:bpmndi="http://www.omg.org/spec/BPMN/20100524/DI" xmlns:omgdc="http://www.omg.org/spec/DD/20100524/DC" xmlns:omgdi="http://www.omg.org/spec/DD/20100524/DI" xmlns:bpmn2="http://www.omg.org/spec/BPMN/20100524/MODEL" xmlns:dc="http://www.omg.org/spec/DD/20100524/DC" xmlns:di="http://www.omg.org/spec/DD/20100524/DI" typeLanguage="http://www.w3.org/2001/XMLSchema" expressionLanguage="http://www.w3.org/1999/XPath" targetNamespace="http://bpmn.io/schema/bpmn" id="sample-diagram" xsi:schemaLocation="http://www.omg.org/spec/BPMN/20100524/MODEL BPMN20.xsd">
  <process id="process-0f45ee31-63ee-43a8-ad5f-5c5c1dee268b" name="multilingualprocess" isExecutable="true">
    <startEvent id="StartEvent_1">
      <outgoing>SequenceFlow_0iw50xz</outgoing>
    </startEvent>
    <userTask id="UserTask_1tm34yb" name="taskwithmultilingualform" activiti:candidateUsers="hruser,admin.adf" activiti:candidateGroups="hr" activiti:formKey="form-fb8f1628-82d9-4e0e-b032-bf02598e7d24"></userTask>
    <endEvent id="EndEvent_0gzk61s">
      <incoming>SequenceFlow_08kn9km</incoming>
    </endEvent>
    <sequenceFlow id="SequenceFlow_0iw50xz" sourceRef="StartEvent_1" targetRef="UserTask_1tm34yb"></sequenceFlow>
    <sequenceFlow id="SequenceFlow_08kn9km" sourceRef="UserTask_1tm34yb" targetRef="EndEvent_0gzk61s"></sequenceFlow>
  </process>
  <bpmndi:BPMNDiagram id="BPMNDiagram_process-0f45ee31-63ee-43a8-ad5f-5c5c1dee268b">
    <bpmndi:BPMNPlane bpmnElement="process-0f45ee31-63ee-43a8-ad5f-5c5c1dee268b" id="BPMNPlane_process-0f45ee31-63ee-43a8-ad5f-5c5c1dee268b">
      <bpmndi:BPMNShape bpmnElement="StartEvent_1" id="BPMNShape_StartEvent_1">
        <omgdc:Bounds height="36.0" width="36.0" x="226.0" y="129.0"></omgdc:Bounds>
      </bpmndi:BPMNShape>
      <bpmndi:BPMNShape bpmnElement="UserTask_1tm34yb" id="BPMNShape_UserTask_1tm34yb">
        <omgdc:Bounds height="80.0" width="100.0" x="314.0" y="107.0"></omgdc:Bounds>
      </bpmndi:BPMNShape>
      <bpmndi:BPMNShape bpmnElement="EndEvent_0gzk61s" id="BPMNShape_EndEvent_0gzk61s">
        <omgdc:Bounds height="36.0" width="36.0" x="496.0" y="129.0"></omgdc:Bounds>
      </bpmndi:BPMNShape>
      <bpmndi:BPMNEdge bpmnElement="SequenceFlow_0iw50xz" id="BPMNEdge_SequenceFlow_0iw50xz">
        <omgdi:waypoint x="262.0" y="147.0"></omgdi:waypoint>
        <omgdi:waypoint x="314.0" y="147.0"></omgdi:waypoint>
      </bpmndi:BPMNEdge>
      <bpmndi:BPMNEdge bpmnElement="SequenceFlow_08kn9km" id="BPMNEdge_SequenceFlow_08kn9km">
        <omgdi:waypoint x="414.0" y="147.0"></omgdi:waypoint>
        <omgdi:waypoint x="496.0" y="147.0"></omgdi:waypoint>
      </bpmndi:BPMNEdge>
    </bpmndi:BPMNPlane>
  </bpmndi:BPMNDiagram>
</definitions>