{"id":"process-5afa5d0a-f5be-4483-839d-4e86ac6e7460","type":"PROCESS","name":"processwithvariables","extensions":{"properties":{"7cf99919-ca35-41a5-a7b0-289e05d44604":{"id":"7cf99919-ca35-41a5-a7b0-289e05d44604","name":"nameString","type":"string","required":true,"value":"string"},"03ecd719-3df6-43bd-a001-e75480302438":{"id":"03ecd719-3df6-43bd-a001-e75480302438","name":"nameDate","type":"date","required":false,"value":"2019-09-13"},"85c5683a-2a4c-4179-bed9-d2a70aad52ac":{"id":"85c5683a-2a4c-4179-bed9-d2a70aad52ac","name":"nameBoolean","type":"boolean","required":false,"value":false},"1404f379-5d69-4419-b9e6-9ac890de8b29":{"id":"1404f379-5d69-4419-b9e6-9ac890de8b29","name":"nameInteger","type":"integer","required":false,"value":11}},"mappings":{},"constants":{}}}