<?xml version="1.0" encoding="UTF-8"?>
<definitions xmlns="http://www.omg.org/spec/BPMN/20100524/MODEL" xmlns:xsi="http://www.w3.org/2001/XMLSchema-instance" xmlns:activiti="http://activiti.org/bpmn" xmlns:bpmndi="http://www.omg.org/spec/BPMN/20100524/DI" xmlns:omgdc="http://www.omg.org/spec/DD/20100524/DC" xmlns:omgdi="http://www.omg.org/spec/DD/20100524/DI" xmlns:xsd="http://www.w3.org/2001/XMLSchema" id="sample-diagram" targetNamespace="http://bpmn.io/schema/bpmn" xsi:schemaLocation="http://www.omg.org/spec/BPMN/20100524/MODEL BPMN20.xsd">
  <process id="process-5b1761f9-4941-4ee8-b944-63ae008799dc" name="simpleprocess" isExecutable="true">
    <startEvent id="StartEvent_1">
      <outgoing>SequenceFlow_0jdd7i3</outgoing>
    </startEvent>
    <sequenceFlow id="SequenceFlow_0jdd7i3" sourceRef="StartEvent_1" targetRef="Task_1gp4t4s" />
    <userTask id="Task_1gp4t4s" name="taskSimple" activiti:assignee="hruser,admin.adf" />
    <endEvent id="EndEvent_05442a5">
      <incoming>SequenceFlow_00wy043</incoming>
    </endEvent>
    <sequenceFlow id="SequenceFlow_00wy043" sourceRef="Task_1gp4t4s" targetRef="EndEvent_05442a5" />
  </process>
  <bpmndi:BPMNDiagram id="BPMNDiagram_process-5b1761f9-4941-4ee8-b944-63ae008799dc">
    <bpmndi:BPMNPlane id="BPMNPlane_process-5b1761f9-4941-4ee8-b944-63ae008799dc" bpmnElement="process-5b1761f9-4941-4ee8-b944-63ae008799dc">
      <bpmndi:BPMNShape id="BPMNShape_StartEvent_1" bpmnElement="StartEvent_1">
        <omgdc:Bounds x="412" y="240" width="36" height="36" />
      </bpmndi:BPMNShape>
      <bpmndi:BPMNShape id="BPMNShape_Task_1gp4t4s" bpmnElement="Task_1gp4t4s">
        <omgdc:Bounds x="498" y="218" width="100" height="80" />
      </bpmndi:BPMNShape>
      <bpmndi:BPMNShape id="BPMNShape_EndEvent_05442a5" bpmnElement="EndEvent_05442a5">
        <omgdc:Bounds x="648" y="240" width="36" height="36" />
      </bpmndi:BPMNShape>
      <bpmndi:BPMNEdge id="BPMNEdge_SequenceFlow_0jdd7i3" bpmnElement="SequenceFlow_0jdd7i3">
        <omgdi:waypoint x="448" y="258" />
        <omgdi:waypoint x="498" y="258" />
      </bpmndi:BPMNEdge>
      <bpmndi:BPMNEdge id="BPMNEdge_SequenceFlow_00wy043" bpmnElement="SequenceFlow_00wy043">
        <omgdi:waypoint x="598" y="258" />
        <omgdi:waypoint x="648" y="258" />
      </bpmndi:BPMNEdge>
    </bpmndi:BPMNPlane>
  </bpmndi:BPMNDiagram>
</definitions>
